Asset report 16/03/21,,
,,
,,
Post Code,Local Authority,Business area
CF23 9LJ    ,Cardiff,Housing
CF34 9YW    ,Bridgend         ,Housing
CF14 7HF    ,Cardiff,Housing
CF3 4HN     ,Cardiff,Housing
CF33 4NU    ,Bridgend         ,Housing
CF31 4TT    ,Bridgend         ,Housing
CF14 1RS    ,Cardiff,Housing
CF14 1RR    ,Cardiff,Housing
CF3 5RE     ,Cardiff,Housing
CF3 5RA     ,Cardiff,Housing
CF23 7JB    ,Cardiff,Housing
CF34 0BN    ,Bridgend         ,Housing
CF34 9NH    ,Bridgend         ,Housing
CF3 5LJ     ,Cardiff,Housing
CF3 0HH     ,Cardiff,Housing
CF3 1RW     ,Cardiff,Housing
CF14 4AD    ,Cardiff,Housing
CF14 4QH    ,Cardiff,Housing
CF14 4QD    ,Cardiff,Housing
CF14 4NS    ,Cardiff,Housing
CF14 4NT    ,Cardiff,Housing
CF31 4TN    ,Bridgend         ,Housing
CF31 4TH    ,Bridgend         ,Housing
CF23 7DL    ,Cardiff,Housing
CF3 5RL     ,Cardiff,Housing
CF3 0HB     ,Cardiff,Housing
CF72 8RG    ,RCT,Housing
CF3 5RB     ,Cardiff,Housing
CF3 0AP     ,Cardiff,Housing
CF33 6EE    ,Bridgend         ,Housing
CF34 9TR    ,Bridgend         ,Housing
CF33 6AA    ,Bridgend         ,Housing
CF33 4NN    ,Bridgend         ,Housing
CF14 5PW    ,Cardiff,Housing
CF31 4UB    ,Bridgend         ,Housing
CF33 6HY    ,Bridgend         ,Housing
CF14 5AL    ,Cardiff,Housing
CF34 9BX    ,Bridgend         ,Housing
CF72 8QD    ,RCT,Housing
CF14 4PL    ,Cardiff,Housing
CF23 7AN    ,Cardiff,Housing
CF23 7AS    ,Cardiff,Housing
CF23 7AT    ,Cardiff,Housing
CF23 7AU    ,Cardiff,Housing
CF31 1PX    ,Bridgend         ,Housing
CF3 5QN     ,Cardiff,Housing
CF72 9AS    ,RCT,Housing
CF33 4NF    ,Bridgend         ,Housing
CF34 9AH    ,Bridgend         ,Housing
CF14 5HG    ,Cardiff,Housing
CF3 5JZ     ,Cardiff,Housing
CF14 6AT    ,Cardiff,Housing
CF3 5DG     ,Cardiff,Housing
CF3 4ER     ,Cardiff,Housing
CF14 3QB    ,Cardiff,Housing
CF14 5AF    ,Cardiff,Housing
CF14 4AB    ,Cardiff,Housing
CF33 4BE    ,Bridgend         ,Housing
CF31 1LP    ,Bridgend         ,Housing
CF33 6RP    ,Bridgend         ,Housing
CF31 4QL    ,Bridgend         ,Housing
CF14 5JW    ,Cardiff,Housing
CF34 9EL    ,Bridgend         ,Housing
CF31 1YY    ,Bridgend         ,Housing
CF3 5QZ     ,Cardiff,Housing
CF31 1PG    ,Bridgend         ,Housing
CF3 5SG     ,Cardiff,Housing
CF33 6BY    ,Bridgend         ,Housing
CF14 4PG    ,Cardiff,Housing
CF14 4PH    ,Cardiff,Housing
CF23 9PF    ,Cardiff,Housing
CF3 5QX     ,Cardiff,Housing
CF72 9SS    ,RCT,Housing
CF31 3EE    ,Bridgend         ,Housing
CF31 1RP    ,Bridgend         ,Housing
CF31 4PN    ,Bridgend         ,Housing
CF31 1SN    ,Bridgend         ,Housing
CF31 1SW    ,Bridgend         ,Housing
CF3 0AG     ,Cardiff,Housing
CF34 9YY    ,Bridgend         ,Housing
CF14 4PB    ,Cardiff,Housing
CF14 4PD    ,Cardiff,Housing
CF14 5LJ    ,Cardiff,Housing
CF3 1RB     ,Cardiff,Housing
CF3 1RE     ,Cardiff,Housing
CF39 8AQ    ,RCT,Housing
CF3 0BE     ,Cardiff,Housing
CF31 4XD    ,Bridgend         ,Housing
CF31 4QX    ,Bridgend         ,Housing
CF14 3LX    ,Cardiff,Support
CF14 5HA    ,Cardiff,Housing
CF3 4TE     ,Cardiff,Housing
CF34 9UT    ,Bridgend         ,Housing
CF63 2QZ    ,VOG         ,Housing
CF63 1RT    ,VOG         ,Housing
CF62 8JG    ,VOG         ,Housing
CF62 5UH    ,VOG         ,Support
CF62 8EH    ,VOG         ,Housing
CF62 8LF    ,VOG         ,Support
CF62 8HP    ,VOG         ,Support
CF63 4DG    ,VOG         ,Housing
CF63 4LE    ,VOG         ,Housing
CF63 1HL    ,VOG         ,Housing
CF63 2PG    ,VOG         ,Support
CF62 5DH    ,VOG         ,Housing
CF62 5DJ    ,VOG         ,Housing
CF62 5BN    ,VOG         ,Housing
CF62 9BZ    ,VOG         ,Housing
CF63 1EE    ,VOG         ,Support
CF62 7AZ    ,VOG         ,Extra Care - Golau Caredig
CF62 5HA    ,VOG         ,Support
CF62 5BA    ,VOG         ,Housing
CF62 9EU    ,VOG         ,Housing
CF62 9EW    ,VOG         ,Housing
CF62 5DU    ,VOG         ,Housing
CF63 3NR    ,VOG         ,Support
CF63 1HG    ,VOG         ,Housing
CF62 9BW    ,VOG         ,Support
CF63 4PH    ,VOG         ,Housing
CF63 4LZ    ,VOG         ,Housing
CF62 9HB    ,VOG         ,Support
CF63 2LP    ,VOG         ,Housing
CF63 1PH    ,VOG         ,Housing
CF62 5BJ    ,VOG         ,Housing
CF63 4EA    ,VOG         ,Housing
CF63  4EA   ,VOG         ,Housing
CF63 1QD    ,VOG         ,Housing
CF63 2PD    ,VOG         ,Housing
CF62 8FE    ,VOG         ,Housing
CF63 3QB    ,VOG         ,Housing
CF62 5BY    ,VOG         ,Housing
CF46 6SG    ,Merthyr,Housing
CF3 0PB     ,Cardiff,Housing
CF3 0PE     ,Cardiff,Housing
CF61 2LS    ,VOG         ,Development
CF31 2PY    ,Bridgend         ,Support
CF31 4QG    ,Bridgend         ,Housing
CF34 9AW    ,Bridgend         ,Development
CF31 5FH    ,Bridgend         ,Housing
CF31 1GW    ,Bridgend         ,Development
CF35 5AU    ,Bridgend         ,Care - Brocastle Manor
CF31 4DF    ,Bridgend         ,Housing
CF31 2HF    ,Bridgend         ,Housing
CF32 0AW    ,Bridgend         ,Housing
CF31 5AY    ,Bridgend         ,Housing
CF31 3BD    ,Bridgend         ,Housing
CF32 9DD    ,Bridgend         ,Housing
CF31 4FE    ,Bridgend         ,Housing
CF35 6QF    ,Bridgend         ,Housing
CF33 4QB    ,Bridgend         ,Housing
CF33 4QA    ,Bridgend         ,Housing
CF31 5FD    ,Bridgend         ,Housing
CF31 4EA    ,Bridgend         ,Housing
CF31 2DE    ,Bridgend         ,Housing
CF31 2DG    ,Bridgend         ,Housing
CF35 6UJ    ,Bridgend         ,Housing
CF35 6US    ,Bridgend         ,Housing
CF35 6UQ    ,Bridgend         ,Housing
CF33 6JD    ,Bridgend         ,Housing
CF31 4EU    ,Bridgend         ,Housing
CF35 6UH    ,Bridgend         ,Housing
CF31 3PF    ,Bridgend         ,Housing
CF31 1LT    ,Bridgend         ,Housing
CF32 0BL    ,Bridgend         ,Housing
CF31 5EE    ,Bridgend         ,Development
CF31 5EB    ,Bridgend         ,Development
CF31 4EX    ,Bridgend         ,Housing
CF32 8SU    ,Bridgend         ,Support
CF32 9PF    ,Bridgend         ,Housing
CF31 4QF    ,Bridgend         ,Housing
CF35 6BX    ,Bridgend         ,Housing
CF31 1SY    ,Bridgend         ,Housing
CF32 9HB    ,Bridgend         ,Housing
CF31 3BJ    ,Bridgend         ,Support
CF31 5FB    ,Bridgend         ,Housing
CF32 9HQ    ,Bridgend         ,Housing
CF31 4FB    ,Bridgend         ,Housing
CF36 5BN    ,Bridgend         ,Housing
CF31 1HX    ,Bridgend         ,Central
CF32 9HH    ,Bridgend         ,Housing
CF31 5EA    ,Bridgend         ,Development
CF31 5ED    ,Bridgend         ,Development
CF31 1QW    ,Bridgend         ,Housing
CF35 6RH    ,Bridgend         ,Housing
CF31 1JU    ,Bridgend         ,Housing
CF31 2PJ    ,Bridgend         ,Housing
CF31 5GA    ,Bridgend         ,Support
CF31 1HR    ,Bridgend         ,Housing
CF31 4PL    ,Bridgend         ,Housing
CF31 4AF    ,Bridgend         ,Housing
CF31 5AW    ,Bridgend         ,Housing
CF31 4FA    ,Bridgend         ,Housing
CF35 6SZ    ,Bridgend         ,Housing
CF32 9HP    ,Bridgend         ,Housing
CF31 4RJ    ,Bridgend         ,Support
CF35 6SH    ,Bridgend         ,Housing
CF72 9TG    ,RCT,Housing
CF72 9TH    ,RCT,Housing
CF72 9TJ    ,RCT,Housing
CF35 5FF    ,Bridgend         ,Support
CF35 5FE    ,Bridgend         ,Support
CF35 5FD    ,Bridgend         ,Support
CF35 5FB    ,Bridgend         ,Development
CF31 4EH    ,Bridgend         ,Support
CF35 5FG    ,Bridgend         ,Support
CF62 6QS    ,VOG         ,Housing
CF83 3AS    ,Caerphilly         ,Housing
NP11 3PE    ,Caerphilly         ,Housing
CF83 4FU    ,Caerphilly         ,Housing
CF81 8RN    ,Caerphilly         ,Housing
NP12 2NP    ,Caerphilly         ,Housing
NP24 6AA    ,Caerphilly         ,Housing
CF83 4FZ    ,Caerphilly         ,Housing
NP11 7HP    ,Caerphilly         ,Housing
NP11 4XA    ,Caerphilly         ,Housing
NP1 4XA     ,Caerphilly         ,Housing
NP11 5LU    ,Caerphilly         ,Housing
CF82 7QG    ,Caerphilly         ,Housing
NP12 2NT    ,Caerphilly         ,Housing
NP11 7GB    ,Caerphilly         ,Housing
NP12 0HD    ,Caerphilly         ,Housing
NP22 5EU    ,Caerphilly         ,Housing
NP12 3UB    ,Caerphilly         ,Housing
NP12 3UE    ,Caerphilly         ,Housing
NP12 1AJ    ,Caerphilly         ,Housing
CF34 0PE    ,Bridgend         ,Housing
NP11 7HR    ,Caerphilly         ,Housing
NP11 6QB    ,Caerphilly         ,Housing
NP12 2LB    ,Caerphilly         ,Housing
NP11 7LZ    ,Caerphilly         ,Housing
CF83 3NX    ,Caerphilly         ,Housing
CF81 8LY    ,Caerphilly         ,Housing
CF83 2AX    ,Caerphilly         ,Care - Ty Penrhos
CF82 8EU    ,Caerphilly         ,Housing
CF83 1NS    ,Caerphilly         ,Housing
NP24 6NN    ,Caerphilly         ,Housing
NP12 2JH    ,Caerphilly         ,Housing
CF83 2PX    ,Caerphilly         ,Housing
CF81 8RJ    ,Caerphilly         ,Housing
CF82 8AT    ,Caerphilly         ,Housing
CF5 1HA     ,Cardiff,Housing
CF11 6BJ    ,Cardiff,Housing
CF5 1HX     ,Cardiff,Housing
CF11 9NN    ,Cardiff,Housing
CF3 1SF     ,Cardiff,Development
CF24 2SE    ,Cardiff,Housing
CF3 0HP     ,Cardiff,Development
CF3 5HS     ,Cardiff,Housing
CF23 7JP    ,Cardiff,Housing
CF24 1PE    ,Cardiff,Housing
CF24 1PN    ,Cardiff,Housing
CF11 9BH    ,Cardiff,Development
CF15 7NP    ,Cardiff,Development
CF3 0SD     ,Cardiff,Development
CF11 7JG    ,Cardiff,Development
CF5 4UN     ,Cardiff,Development
CF24 0HN    ,Cardiff,Housing
CF11 7AQ    ,Cardiff,Development
CF5 5BW     ,Cardiff,Housing
CF10 5DZ    ,Cardiff,Housing
CF5 4NG     ,Cardiff,Housing
CF3 5LY     ,Cardiff,Housing
CF3 1RS     ,Cardiff,Support
CF3 0DF     ,Cardiff,Development
CF23 9PN    ,Cardiff,Housing
CF3 5NE     ,Cardiff,Housing
CF14 2SG    ,Cardiff,Development
CF3 1RL     ,Cardiff,Development
SA31 3EF    ,Carmarthen        ,Support
CF15 9PN    ,Cardiff,Housing
CF15 9RA    ,Cardiff,Housing
CF24 4FG    ,Cardiff,Housing
CF5 5AG     ,Cardiff,Development
CF24 4PH    ,Cardiff,Housing
CF5 5EL     ,Cardiff,Development
CF3 1QW     ,Cardiff,Development
CF5 5QW     ,Cardiff,Development
CF3 0DS     ,Cardiff,Development
CF5 4GX     ,Cardiff,Housing
CF3 1YL     ,Cardiff,Support
CF3 1LY     ,Cardiff,Support
CF24 2BD    ,Cardiff,Development
CF5 3ET     ,Cardiff,Housing
CF3 3PU     ,Cardiff,Development
CF3 3PG     ,Cardiff,Housing
CF3 5NW     ,Cardiff,Housing
CF3 3NG     ,Cardiff,Development
CF5 4AP     ,Cardiff,Housing
CF5 4QW     ,Cardiff,Housing
CF14 1PQ    ,Cardiff,Support
CF24 4ET    ,Cardiff,Housing
CF5 4JU     ,Cardiff,Housing
CF31 1TB    ,Cardiff,Development
CF24 1DN    ,Cardiff,Housing
CF23 5EG    ,Cardiff,Housing
CF14 7TD    ,Cardiff,Support
CF5 3PL     ,Cardiff,Housing
CF24 3PF    ,Cardiff,Support
CF5 5PD     ,Cardiff,Development
CF3 4JA     ,Cardiff,Development
CF14 2FS    ,Cardiff,Housing
CF24 3PS    ,Cardiff,Support
CF3 4AE     ,Cardiff,Development
CF23 5HN    ,Cardiff,Development
CF14 5QA    ,Cardiff,Development
CF3 5NL     ,Cardiff,Housing
CF3 1QZ     ,Cardiff,Development
CF5 4FY     ,Cardiff,Development
CF3 0NE     ,Cardiff,Development
CF5 5RB     ,Cardiff,Development
SA31 1BU    ,Carmarthen        ,Support
CF14 9HD    ,Cardiff,Housing
CF5 5BE     ,Cardiff,Housing
CF24 1QT    ,Cardiff,Housing
CF24 2NN    ,Cardiff,Housing
CF11 6EY    ,Cardiff,Housing
CF5 1QS     ,Cardiff,Housing
CF10 4BH    ,Cardiff,Housing
CF24 2LW    ,Cardiff,Housing
CF5 2PD     ,Cardiff,Housing
CF24 0EQ    ,Cardiff,Housing
CF11 7JY    ,Cardiff,Housing
CF11 7LS    ,Cardiff,Housing
CF24 4DG    ,Cardiff,Housing
CF11 6TD    ,Cardiff,Housing
CF24 2NR    ,Cardiff,Housing
CF11 8LA    ,Cardiff,Housing
CF5 5HG     ,Cardiff,Housing
CF14 9DG    ,Cardiff,Housing
CF14 3QN    ,Cardiff,Housing
CF61 2GG    ,VOG         ,Housing
CF38 1DU    ,RCT,Housing
CF37 4NQ    ,RCT,Housing
CF37 4NA    ,RCT,Housing
CF5 5BL     ,Cardiff,Development
CF71 7PL    ,VOG         ,Housing
CF71 7BF    ,VOG         ,Housing
CF33 4HE    ,Bridgend         ,Housing
CF33 4ND    ,Bridgend         ,Housing
CF33 4HZ    ,Bridgend         ,Housing
CF33 4LR    ,Bridgend         ,Housing
CF33 4HP    ,Bridgend         ,Housing
CF71 7BP    ,VOG         ,Development
NP44 5UY    ,Torfaen,Development
NP44 5UB    ,Torfaen,Development
NP44 5UW    ,Torfaen,Housing
NP44 5UZ    ,Torfaen,Housing
NP44 5UX    ,Torfaen,Housing
NP44 5UT    ,Torfaen,Housing
NP44 5UU    ,Torfaen,Development
CF64 4PS    ,VOG         ,Housing
CF64 4BJ    ,VOG         ,Housing
CF64 4BN    ,VOG         ,Housing
CF64 4PR    ,VOG         ,Housing
CF64 4BP    ,VOG         ,Housing
CF64 4NX    ,VOG         ,Housing
CF5 5BD     ,Cardiff,Development
CF23 8HD    ,Cardiff,Development
CF64 5FJ    ,VOG         ,Development
CF14 1BW    ,Cardiff,Development
CF31 2PZ    ,Bridgend         ,Development
CF5 2RU     ,Cardiff,Development
CF11 6JR    ,Cardiff,Development
CF14 2JB    ,Cardiff,Development
CF32 9BG    ,Bridgend         ,Development
CF23 9PU    ,Cardiff,Development
CF14 9EU    ,Cardiff,Development
CF64 4NP    ,VOG         ,Development
CF35 6SW    ,Bridgend         ,Housing
CF23 9EF    ,Cardiff,Development
CF14 5BT    ,Cardiff,Development
CF14 2LE    ,Cardiff,Development
CF38 2JJ    ,RCT,Development
CF36 3DW    ,Bridgend         ,Development
CF3 3PN     ,Cardiff,Development
CF3 0RJ     ,Cardiff,Development
CF14 9AH    ,Cardiff,Development
CF5 3QW     ,Cardiff,Development
CF31 2ED    ,Bridgend         ,Development
CF14 2BZ    ,Cardiff,Development
CF38 2PE    ,RCT,Development
CF14 9DY    ,Cardiff,Development
CF5 3NJ     ,Cardiff,Development
CF11 8FS    ,Cardiff,Development
CF5 5PT     ,Cardiff,Development
CF3 0BU     ,Cardiff,Development
CF33 4EA    ,Bridgend         ,Housing
CF36 5BP    ,Bridgend         ,Development
CF23 9BE    ,Cardiff,Development
CF3 5SD     ,Cardiff,Development
CF5 2QW     ,Cardiff,Development
CF5 1JP     ,Cardiff,Development
CF14 1UD    ,Cardiff,Housing
CF72 9LT    ,RCT,Development
CF3 1RN     ,Cardiff,Development
CF11 8ES    ,Cardiff,Development
CF34 9RG    ,Bridgend         ,Development
CF31 1JS    ,Bridgend         ,Development
CF83 3QD    ,Caerphilly         ,Development
CF5 2TB     ,Cardiff,Development
CF3 0DR     ,Cardiff,Development
CF23 6UG    ,Cardiff,Development
CF24 3HP    ,Cardiff,Housing
CF3 3AN     ,Cardiff,Development
CF14 5LQ    ,Cardiff,Development
CF5 1NG     ,Cardiff,Development
CF14 5LR    ,Cardiff,Development
CF62 9SX    ,VOG         ,Development
CF64 2TX    ,VOG         ,Development
CF47 9RD    ,Merthyr,Housing
CF48 1SJ    ,Merthyr,Housing
CF62 8BR    ,VOG         ,Housing
CF47 9PW    ,Merthyr,Housing
CF31 2QS    ,Bridgend         ,Housing
CF32 9RJ    ,Bridgend         ,Housing
CF33 6AR    ,Bridgend         ,Housing
CF47 9RY    ,Merthyr,Housing
CF31 4DD    ,Bridgend         ,Housing
CF31 2LW    ,Bridgend         ,Housing
CF31 2LX    ,Bridgend         ,Housing
CF31 2LY    ,Bridgend         ,Housing
CF31 4EN    ,Bridgend         ,Housing
CF33 6NE    ,Bridgend         ,Housing
CF31 1HG    ,Bridgend         ,Housing
CF47 9UT    ,Merthyr,Housing
CF31 4EQ    ,Bridgend         ,Housing
CF33 6BD    ,Bridgend         ,Housing
CF47 9YN    ,Merthyr,Housing
CF5 2RY     ,Cardiff,Housing
CF47 9NJ    ,Merthyr,Housing
CF62 9EH    ,VOG         ,Housing
CF63 4LP    ,VOG         ,Housing
CF31 2HG    ,Bridgend         ,Housing
CF31 4PJ    ,Bridgend         ,Housing
CF47 9RG    ,Merthyr,Housing
CF31 4ER    ,Bridgend         ,Housing
CF63 3QE    ,VOG         ,Housing
CF63 2QX    ,VOG         ,Housing
CF31 2JJ    ,Bridgend         ,Housing
CF31 2JT    ,Bridgend         ,Housing
CF62 7JF    ,VOG         ,Housing
CF62 9HA    ,VOG         ,Housing
CF62 8BE    ,VOG         ,Housing
CF63 3QG    ,VOG         ,Housing
CF63 4JX    ,VOG         ,Housing
CF63 1EU    ,VOG         ,Housing
CF33 6NB    ,Bridgend         ,Housing
CF63 4LU    ,VOG         ,Housing
CF31 2HJ    ,Bridgend         ,Housing
CF63 1BX    ,VOG         ,Housing
CF32 9JL    ,Bridgend         ,Housing
CF62 9AT    ,VOG         ,Housing
CF63 1DN    ,VOG         ,Housing
CF31 2PH    ,Bridgend         ,Housing
CF62 7FN    ,VOG         ,Housing
CF31 4TQ    ,Bridgend         ,Housing
CF63 2AL    ,VOG         ,Housing
CF31 4RP    ,Bridgend         ,Housing
CF31 2JU    ,Bridgend         ,Housing
CF63 4NL    ,VOG         ,Housing
CF63 2FA    ,VOG         ,Housing
CF62 9AD    ,VOG         ,Housing
CF47 9NN    ,Merthyr,Housing
CF47 9PS    ,Merthyr,Housing
CF63 4PR    ,VOG         ,Housing
CF35 6YA    ,Bridgend         ,Housing
CF63 1DH    ,VOG         ,Housing
CF62 9HJ    ,VOG         ,Housing
CF47 9RW    ,Merthyr,Housing
CF31 2JQ    ,Bridgend         ,Housing
CF35 6UT    ,Bridgend         ,Housing
CF33 4LH    ,Bridgend         ,Housing
CF31 2PB    ,Bridgend         ,Housing
CF31 1TL    ,Bridgend         ,Housing
CF31 4RD    ,Bridgend         ,Housing
CF63 3HZ    ,VOG         ,Housing
CF47 9NX    ,Merthyr,Housing
CF63 2HY    ,VOG         ,Housing
CF31 4UF    ,Bridgend         ,Housing
CF31 4TZ    ,Bridgend         ,Housing
CF32 9JP    ,Bridgend         ,Housing
CF31 4RU    ,Bridgend         ,Housing
CF47 9BS    ,Merthyr,Housing
CF33 4AP    ,Bridgend         ,Housing
CF31 2ND    ,Bridgend         ,Housing
CF5 1JX     ,Cardiff,Housing
CF31 4JT    ,Bridgend         ,Housing
CF48 4DX    ,Merthyr,Housing
CF31 4TU    ,Bridgend         ,Housing
CF63 4EJ    ,VOG         ,Housing
CF63 4EH    ,VOG         ,Housing
CF63 2HP    ,VOG         ,Housing
CF31 4QN    ,Bridgend         ,Housing
CF31 1HJ    ,Bridgend         ,Housing
CF31 4EF    ,Bridgend         ,Housing
CF62 9EL    ,VOG         ,Housing
CF31 4TX    ,Bridgend         ,Housing
CF31 2HT    ,Bridgend         ,Housing
CF47 9NR    ,Merthyr,Housing
CF31 2BH    ,Bridgend         ,Housing
CF31 1TA    ,Bridgend         ,Housing
CF31 1SU    ,Bridgend         ,Housing
CF62 8ER    ,VOG         ,Housing
CF63 2NH    ,VOG         ,Housing
CF47 8TG    ,Merthyr,Housing
CF62 9ET    ,VOG         ,Housing
CF31 1PE    ,Bridgend         ,Housing
CF14 1AF    ,Cardiff,Housing
CF47 9SE    ,Merthyr,Housing
CF33 6AU    ,Bridgend         ,Housing
CF63 1PJ    ,VOG         ,Housing
CF63 2AU    ,VOG         ,Housing
CF32 9QB    ,Bridgend         ,Housing
CF48 3NP    ,Merthyr,Housing
CF63 1QT    ,VOG         ,Housing
CF47 9PD    ,Merthyr,Housing
CF32 9LZ    ,Bridgend         ,Housing
CF62 7PW    ,VOG         ,Housing
CF31 2BE    ,Bridgend         ,Housing
CF62 9EJ    ,VOG         ,Housing
CF63 2AB    ,VOG         ,Housing
CF31 2JE    ,Bridgend         ,Housing
CF35 6JS    ,Bridgend         ,Housing
CF63 4LY    ,VOG         ,Housing
CF63 4LR    ,VOG         ,Housing
CF31 2NN    ,Bridgend         ,Housing
CF31 2SR    ,Bridgend         ,Housing
CF47 0PT    ,Merthyr,Housing
CF14 2JA    ,Cardiff,Housing
CF46 5BL    ,Merthyr,Housing
CF35 6SR    ,Bridgend         ,Housing
CF62 8BY    ,VOG         ,Housing
CF31 4HP    ,Bridgend         ,Housing
CF31 4HW    ,Bridgend         ,Housing
CF5 4TL     ,Cardiff,Development
CF5 5BQ     ,Cardiff,Housing
CF5 4JL     ,Cardiff,Housing
CF63 2AS    ,VOG         ,Housing
CF3 5PR     ,Cardiff,Housing
CF63 1BA    ,VOG         ,Housing
CF63 1FU    ,VOG         ,Housing
CF3 4EF     ,Cardiff,Housing
CF62 7AD    ,VOG         ,Housing
CF63 1DR    ,VOG         ,Housing
CF63 4LL    ,VOG         ,Housing
CF38 2DL    ,RCT,Housing
CF3 4EH     ,Cardiff,Housing
CF62 9AP    ,VOG         ,Housing
CF3 5RN     ,Cardiff,Housing
CF34 9TB    ,Bridgend         ,Housing
CF63 3QQ    ,VOG         ,Housing
CF3 5TU     ,Cardiff,Housing
CF3 0EQ     ,Cardiff,Housing
CF31 4DE    ,Bridgend         ,Housing
CF63 1QN    ,VOG         ,Housing
CF63 1ED    ,VOG         ,Housing
CF62 9EF    ,VOG         ,Housing
CF3 0AN     ,Cardiff,Housing
CF32 9YH    ,Bridgend         ,Housing
CF37 5DB    ,RCT,Housing
CF63 3NQ    ,VOG         ,Housing
CF35 6YN    ,Bridgend         ,Housing
CF3 4EA     ,Cardiff,Housing
CF31 4JX    ,Bridgend         ,Housing
CF31 4UA    ,Bridgend         ,Housing
CF63 2HJ    ,VOG         ,Housing
CF3 2NN     ,Cardiff,Housing
CF3 0AB     ,Cardiff,Housing
CF33 6NR    ,Bridgend         ,Housing
CF3 5SB     ,Cardiff,Housing
CF38 1HU    ,RCT,Housing
CF62 9EE    ,VOG         ,Housing
CF37 5SB    ,RCT,Housing
CF3 5QY     ,Cardiff,Housing
CF3 0NG     ,Cardiff,Housing
CF63 2JF    ,VOG         ,Housing
CF62 8DT    ,VOG         ,Housing
CF63 2NY    ,VOG         ,Housing
CF3 5QD     ,Cardiff,Housing
CF3 0LH     ,Cardiff,Housing
CF3 4DQ     ,Cardiff,Housing
CF31 4XB    ,Bridgend         ,Housing
CF32 9YE    ,Bridgend         ,Housing
CF3 5QE     ,Cardiff,Housing
CF3 5QF     ,Cardiff,Housing
CF35 6UW    ,Bridgend         ,Housing
CF38 2DG    ,RCT,Housing
CF5 3DT     ,Cardiff,Support
CF14 2PT    ,Cardiff,Housing
CF14 2PA    ,Cardiff,Housing
CF14 2PW    ,Cardiff,Housing
CF14 2PU    ,Cardiff,Housing
CF14 2PZ    ,Cardiff,Housing
CF14 2PX    ,Cardiff,Housing
CF14 3BJ    ,Cardiff,Housing
CF14 2PY    ,Cardiff,Housing
CF37 3BT    ,RCT,Central
CF37 5BN    ,RCT,Housing
CF37 5AZ    ,RCT,Housing
CF33        ,Bridgend         ,Development
CF31 2DD    ,Bridgend         ,Development
CF31 2DH    ,Bridgend         ,Development
CF32 6HT    ,Bridgend         ,Development
CF33 4PD    ,Bridgend         ,Development
CF31 4JY    ,Bridgend         ,Development
CF3 0FA     ,Cardiff,Development
CF23 8AH    ,Cardiff,Development
CF24 1AD    ,Cardiff,Development
CF48 3RP    ,Merthyr,Development
CF47 0PP    ,Merthyr,Development
CF47 0YL    ,Merthyr,Development
CF48 4DH    ,RCT,Development
CF48 3NT    ,Merthyr,Development
CF48 4QZ    ,RCT,Development
CF48 4NY    ,Merthyr,Development
CF48 3NL    ,RCT,Development
CF5 1AA     ,Cardiff,Development
CF37 5BS    ,RCT,Development
CF11 6SJ    ,Cardiff,Development
CF64 5FF    ,VOG         ,Development
CF64 2NT    ,VOG         ,Development
CF14 5JZ    ,Cardiff,Development
CF33 6NF    ,Bridgend         ,Development
CF14 2FJ    ,Cardiff,Development
CF34 0NP    ,Bridgend         ,Development
CF63 4JZ    ,VOG         ,Development
CF3 1SX     ,Cardiff,Development
CF34 0AX    ,Bridgend         ,Development
CF24 1QF    ,Cardiff,Development
CF3 0AZ     ,Cardiff,Development
CF14 9AP    ,Cardiff,Development
CF5 5JS     ,Cardiff,Development
CF62 8H2    ,VOG         ,Development
CF11 7AR    ,Cardiff,Development
CF3 5RR     ,Cardiff,Development
CF64 4PT    ,VOG         ,Development
CF15 7NQ    ,RCT,Development
CF63 1EW    ,VOG         ,Development
CF6102SQ    ,Bridgend         ,Development
CF32 0PF    ,VOG         ,Development
CF5 2DH     ,Cardiff,Development
CF72 9WA    ,RCT,Development
CF11 8AN    ,Cardiff,Development
CF61 2UE    ,VOG         ,Development
CF35 6EA    ,Bridgend         ,Development
CF64 5TT    ,VOG         ,Development
CF23 8ET    ,Cardiff,Development
CF23 9BD    ,Cardiff,Development
CF5 4DL     ,Cardiff,Development
CF62 8NB    ,VOG         ,Development
CF11 9NS    ,Cardiff,Development
CF23 7BS    ,Cardiff,Development
CF23 9JB    ,Cardiff,Development
CF3 3HJ     ,Cardiff,Development
CF64 1FA    ,VOG         ,Development
CF4 2EZ     ,Cardiff,Development
CF64 2JY    ,VOG         ,Development
CF62 5AZ    ,VOG         ,Development
CF5 3PR     ,Cardiff,Development
CF34 0JA    ,Bridgend         ,Development
CF64 2AR    ,VOG         ,Development
CF38 1NA    ,RCT,Development
CF36 5SE    ,Bridgend         ,Development
CF24 2LY    ,Cardiff,Development
CF34 9SF    ,Bridgend         ,Development
CF23 8LQ    ,Cardiff,Development
CF32 9SR    ,Bridgend         ,Development
CF24 3JT    ,Cardiff,Development
CF14 1TS    ,Cardiff,Development
CF5 3BQ     ,Cardiff,Development
CF72 9EU    ,RCT,Development
CF64 1DD    ,VOG         ,Development
CF11 6JN    ,Cardiff,Development
CF35 6TE    ,Bridgend         ,Development
CF46 6EE    ,Merthyr,Development
CF7 9TA     ,RCT,Development
CF48 1JA    ,Merthyr,Development
CF64 5FW    ,VOG         ,Development
CF14 3HN    ,Cardiff,Development
CF5 6FJ     ,VOG         ,Development
CF5 6FF     ,VOG         ,Development
CF3 4FF     ,Cardiff,Development
CF14 5BZ    ,Cardiff,Development
CF63 1RB    ,VOG         ,Development
CF62 7RL    ,VOG         ,Development
CF24 3BA    ,Cardiff,Development
CF64 1TH    ,VOG         ,Development
CF33 6BU    ,Bridgend         ,Development
CF37 2RH    ,RCT,Development
CF5 3PU     ,Cardiff,Development
CF62 5AU    ,VOG         ,Development
CF36 3DR    ,Bridgend         ,Development
CF33 6LA    ,Bridgend         ,Development
CF62 3EY    ,VOG         ,Development
CF11 6SW    ,Cardiff,Development
CF5 5HX     ,Cardiff,Development
CF24 3JL    ,Cardiff,Development
CF31 4PZ    ,Bridgend         ,Development
CF38 1LU    ,RCT,Development
CF64 1TB    ,VOG         ,Development
CF34 0LP    ,Bridgend         ,Development
CF14 2FP    ,Cardiff,Development
CF33 6NT    ,Bridgend         ,Development
CF64 1TJ    ,VOG         ,Development
CF23 7BB    ,Cardiff,Development
CF36 5TP    ,Bridgend         ,Development
CF14 2JG    ,Cardiff,Development
CF37 5AP    ,RCT,Development
CF37 4EN    ,RCT,Development
CF40 1QD    ,RCT,Development
CF48 4QX    ,RCT,Development
CF37 1HY    ,RCT,Development
CF45 4SP    ,RCT,Development
CF37 4RD    ,RCT,Development
CF43 3LP    ,RCT,Development
CF42 5SF    ,RCT,Development
CF44 8SE    ,RCT,Development
CF44 9NE    ,RCT,Development
CF42 6DA    ,RCT,Development
CF48 1JH    ,RCT,Development
CF44 7DG    ,RCT,Development
CF48 4HD    ,Merthyr,Development
CF38 2SY    ,RCT,Development
CF14 2JZ    ,Cardiff,Development
CF37 5NU    ,RCT,Development
CF37 5PQ    ,RCT,Development
CF40 2RN    ,RCT,Development
CF38 2RF    ,RCT,Development
CF44 8BA    ,RCT,Development
CF37 3ET    ,RCT,Development
CF39        ,RCT,Development
CF44 8LW    ,RCT,Development
CF40 1DW    ,RCT,Development
CF37 4NB    ,RCT,Development
CF39 8RL    ,RCT,Development
CF44 8AD    ,RCT,Development
CF44 6SB    ,RCT,Development
CF44 8TA    ,RCT,Development
CF40 2RJ    ,RCT,Development
CF63 2PJ    ,VOG         ,Development
CF47 0UW    ,Merthyr,Development
CF31 4TW    ,Bridgend         ,Development
CF37 4NR    ,RCT,Development
CF48 2DL    ,RCT,Development
CF37 1LF    ,RCT,Development
CF37        ,RCT,Development
CF37 1EP    ,RCT,Development
CF38 1HR    ,RCT,Development
CF31 5DY    ,Bridgend         ,Development
CF45 4UH    ,RCT,Development
CF43 3NA    ,RCT,Development
CF72 9TE    ,RCT,Development
CF37 4DW    ,RCT,Development
CF43 3ET    ,RCT,Development
CF37 5LE    ,RCT,Development
CF37 4HB    ,RCT,Development
CF37 2RD    ,RCT,Development
CF48 0DJ    ,RCT,Development
CF42 6HY    ,RCT,Development
CF48 4DE    ,RCT,Development
CF40 1EV    ,RCT,Development
CF47 9BX    ,RCT,Development
CF37 1LZ    ,RCT,Development
CF39 0PN    ,RCT,Development
CF37 4ND    ,RCT,Development
CF43 4HA    ,RCT,Development
CF15 7NA    ,RCT,Development
CF37 1JA    ,RCT,Development
CF39 9SE    ,RCT,Development
CF37 4RE    ,RCT,Development
CF45 4BA    ,RCT,Development
CF39 8BX    ,RCT,Development
CF39 8BT    ,RCT,Development
CF38 1UJ    ,RCT,Development
CF72 8DX    ,RCT,Development
CF40 2LH    ,RCT,Development
CF37 5NY    ,RCT,Development
CF72 9UD    ,RCT,Development
CF62 4JZ    ,VOG         ,Development
CF63 1DG    ,VOG         ,Development
CF62 9TH    ,VOG         ,Development
CF62 8JL    ,VOG         ,Development
CF63 4EG    ,VOG         ,Development
CF38 2TD    ,RCT,Housing
CF37 4HY    ,RCT,Housing
CF37 4PH    ,RCT,Housing
CF38 2ED    ,RCT,Housing
CF38 1UE    ,RCT,Housing
CF37 5NB    ,RCT,Housing
CF44 0PY    ,RCT,Support
CF24 2PG    ,Cardiff,Support
CF11 7AA    ,Cardiff,Support
CF31 3AR    ,Bridgend         ,Support
CF40 1DU    ,RCT,Support
CF10 1DU    ,RCT,Central
CF24 3JX    ,Cardiff,Support
CF14 5UW    ,Cardiff,Care - Gwynfa
CF63 2JB    ,VOG         ,Support
CF44 8HU    ,RCT,Support
CF37 4DD    ,RCT,Support
CF31 1HD    ,Bridgend         ,Support
CF24 1RN    ,Cardiff,Support
CF71 7PY    ,VOG         ,Support
CF5 1QL     ,Cardiff,Support
CF5 1FN     ,Cardiff,Support
CF24 2BY    ,Cardiff,Support
CF31 3AL    ,Bridgend         ,Support
CF34 0SB    ,Bridgend         ,Support
CF11 7LZ    ,Cardiff,Support
CF14 2FN    ,Cardiff,Support
CF32 9NB    ,Bridgend         ,Support
CF64 1JJ    ,VOG         ,Support
CF24 5PD    ,Cardiff,Central
CF33 6EJ    ,Bridgend         ,Housing
CF72 8FA    ,RCT,Housing
CF14 5BE    ,Cardiff,Support
CF72 8EE    ,RCT,Housing
CF61 1YA    ,VOG         ,Housing
CF14 2LJ    ,Cardiff,Support
CF72 9LB    ,RCT,Housing
CF72 9ZF    ,RCT,Housing
SA15 2DY    ,Carmarthen        ,Support
CF72 9FY    ,RCT,Housing
SA15 3BP    ,Carmarthen        ,Support
CF61 1AF    ,VOG         ,Housing
CF72 8FF    ,RCT,Support
CF72 9FL    ,RCT,Support
CF72 9FN    ,RCT,Housing
CF14 5PD    ,Cardiff,Housing
SA15 1SR    ,Carmarthen        ,Support
CF72 9RA    ,RCT,Housing
CF72 9LD    ,RCT,Housing
CF34 9ET    ,Bridgend         ,Housing
CF34 0NE    ,Bridgend         ,Housing
CF34 0NB    ,Bridgend         ,Housing
CF34 0NW    ,Bridgend         ,Housing
CF34 9UN    ,Bridgend         ,Housing
CF34 9AE    ,Bridgend         ,Housing
CF34 9PX    ,Bridgend         ,Housing
CF34 9YT    ,Bridgend         ,Housing
CF34 9YH    ,Bridgend         ,Housing
CF34 0AL    ,Bridgend         ,Housing
CF34 9EE    ,Bridgend         ,Support
CF34 0ST    ,Bridgend         ,Housing
CF34 9HA    ,Bridgend         ,Housing
CF34 9EU    ,Bridgend         ,Housing
CF34 9DS    ,Bridgend         ,Housing
CF34 0RU    ,Bridgend         ,Housing
CF48 3NF    ,Merthyr,Housing
CF48 2PE    ,Merthyr,Support
CF47 0AR    ,Merthyr,Housing
CF47 9AA    ,Merthyr,Support
CF47 0JL    ,Merthyr,Extra Care - Ty Cwm
CF47 0AA    ,Merthyr,Housing
CF32 9LF    ,Bridgend         ,Housing
CF72 9LQ    ,RCT,Housing
CF41 7JX    ,RCT,Housing
CF40 1PP    ,RCT,Housing
CF5 4EY     ,Cardiff,Housing
CF5 4EZ     ,Cardiff,Housing
CF14 1BX    ,Cardiff,Housing
CF31 2AT    ,Bridgend         ,Housing
CF3 4BX     ,Cardiff,Housing
CF3 4JH     ,Cardiff,Housing
CF3 4JJ     ,Cardiff,Housing
CF48 2HA    ,Merthyr,Housing
CF72 9HY    ,RCT,Housing
CF5 5DW     ,Cardiff,Housing
CF41 7TE    ,RCT,Housing
CF3 5HW     ,Cardiff,Housing
CF48 2EE    ,Merthyr,Housing
CF44 9TN    ,RCT,Housing
CF3 0LR     ,Cardiff,Housing
CF23 7JA    ,Cardiff,Housing
CF44 6LT    ,RCT,Housing
CF39 8HR    ,RCT,Housing
CF23 9PT    ,Cardiff,Housing
CF31 4DR    ,Bridgend         ,Housing
CF5 5HL     ,Cardiff,Housing
CF39 8TG    ,RCT,Housing
CF38 2TF    ,RCT,Housing
CF48 1YY    ,Merthyr,Housing
CF38 2RR    ,RCT,Housing
CF23 9EG    ,Cardiff,Housing
NP44 4QP    ,Torfaen,Housing
CF3 0EP     ,Cardiff,Housing
CF5 5DA     ,Cardiff,Housing
CF35 5NG    ,Bridgend         ,Housing
CF32 9PE    ,Bridgend         ,Housing
CF5 2PS     ,Cardiff,Housing
CF3 5TP     ,Cardiff,Housing
CF47 0YF    ,Merthyr,Development
CF3 4HJ     ,Cardiff,Housing
CF37 1SG    ,RCT,Housing
CF46 5AY    ,Merthyr,Housing
CF63 4NJ    ,VOG         ,Housing
CF46 6AD    ,Merthyr,Housing
CF48 3SG    ,Merthyr,Housing
CF35 5ET    ,Bridgend         ,Housing
CF45 3LR    ,RCT,Housing
CF3 1TF     ,Cardiff,Housing
CF31 1NN    ,Bridgend         ,Housing
CF47 9RE    ,Merthyr,Housing
CF38 2AU    ,RCT,Housing
CF3 1QA     ,Cardiff,Housing
CF23 7AQ    ,Cardiff,Housing
CF38 2LP    ,RCT,Housing
CF40 1HE    ,RCT,Housing
CF3 1ST     ,Cardiff,Housing
CF35 6PP    ,Bridgend         ,Housing
CF39 9EU    ,RCT,Housing
CF31 4ED    ,Bridgend         ,Housing
CF35 5PJ    ,Bridgend         ,Housing
CF37 5DA    ,RCT,Housing
CF61 2SA    ,VOG         ,Housing
CF39 8UP    ,RCT,Housing
CF5 5QB     ,Cardiff,Housing
CF5 5QA     ,Cardiff,Housing
CF37 2SA    ,RCT,Housing
CF5 3BS     ,Cardiff,Housing
CF41 7BU    ,RCT,Housing
CF33 4BG    ,Bridgend         ,Housing
CF10 5JD    ,Cardiff,Housing
CF14 2QZ    ,Cardiff,Housing
CF3 4AW     ,Cardiff,Housing
CF3 3NE     ,Cardiff,Development
CF37 4PW    ,RCT,Housing
CF31 4JG    ,Bridgend         ,Housing
NP19 4NA    ,Newport,Housing
CF5 2EW     ,Cardiff,Housing
CF14 3EA    ,Cardiff,Housing
CF14 5BY    ,Cardiff,Housing
CF34 0TA    ,Bridgend         ,Housing
CF39 8UG    ,RCT,Housing
CF5 3SW     ,Cardiff,Housing
CF15 7ST    ,RCT,Housing
CF23 7EW    ,Cardiff,Housing
CF47 9DY    ,Merthyr,Housing
CF47 9EA    ,Merthyr,Housing
CF39 8AS    ,RCT,Housing
CF47 9YY    ,Merthyr,Housing
CF23 9LR    ,Cardiff,Housing
CF5 3HZ     ,Cardiff,Housing
CF37 5EA    ,RCT,Housing
CF23 7DG    ,Cardiff,Housing
CF5 5LP     ,Cardiff,Housing
CF33 6ET    ,Bridgend         ,Housing
CF34 9YR    ,Bridgend         ,Housing
CF45 3LP    ,RCT,Housing
CF3 0EA     ,Cardiff,Housing
CF72 9HE    ,RCT,Housing
CF31 4RY    ,Bridgend         ,Housing
CF47 9AU    ,Merthyr,Housing
CF5 4GN     ,Cardiff,Housing
CF48 3PU    ,Merthyr,Housing
CF39 8TU    ,RCT,Housing
CF5 5DL     ,Cardiff,Housing
CF44 6HE    ,RCT,Housing
CF72 9RX    ,RCT,Housing
CF37 2LR    ,RCT,Housing
CF11 6PJ    ,Cardiff,Housing
CF39 8DA    ,RCT,Housing
CF24 3HB    ,Cardiff,Housing
CF47 9PX    ,Merthyr,Housing
NP44 5UN    ,Torfaen,Housing
CF3 0PU     ,Cardiff,Housing
CF44 0RU    ,RCT,Housing
CF31 4XA    ,Bridgend         ,Housing
CF24 2RL    ,Cardiff,Housing
CF3 0JG     ,Cardiff,Housing
CF39 8NW    ,RCT,Housing
CF37 4HA    ,RCT,Housing
CF44 0PD    ,RCT,Housing
CF3 0NP     ,Cardiff,Housing
CF3 0AU     ,Cardiff,Housing
CF3 0HY     ,Cardiff,Housing
CF3 0DY     ,Cardiff,Housing
CF3 0AX     ,Cardiff,Housing
CF3 0DZ     ,Cardiff,Housing
CF3 0HX     ,Cardiff,Housing
CF3 0AW     ,Cardiff,Housing
CF3 0AR     ,Cardiff,Housing
CF3 0JZ     ,Cardiff,Housing
CF3 0DX     ,Cardiff,Housing
CF3 0JW     ,Cardiff,Housing
CF3 0JY     ,Cardiff,Housing
CF3 0JX     ,Cardiff,Housing
CF3 0NQ     ,Cardiff,Housing
CF3 0HZ     ,Cardiff,Housing
CF3 0NR     ,Cardiff,Housing
CF3 0NJ     ,Cardiff,Housing
CF3 0JU     ,Cardiff,Housing
CF34 0SE    ,Bridgend         ,Housing
CF34 0AF    ,Bridgend         ,Housing
NP20 4JH    ,Newport,Development
CF5 6ES     ,Cardiff,Central
CF14 7BE    ,Cardiff,Support
CF64 2RB    ,VOG         ,Housing
CF64 2LE    ,VOG         ,Housing
CF64 3QS    ,VOG         ,Housing
CF64 3NN    ,VOG         ,Housing
CF64 2RH    ,VOG         ,Housing
CF64 2QJ    ,VOG         ,Housing
CF64 3FY    ,VOG         ,Support
CF64 3LU    ,VOG         ,Housing
CF35 6SY    ,Bridgend         ,Housing
CF64 3PP    ,VOG         ,Housing
CF64 1SW    ,VOG         ,Housing
CF64 3NA    ,VOG         ,Housing
CF64 2RW    ,VOG         ,Housing
CF64 3NU    ,VOG         ,Housing
CF64 3PU    ,VOG         ,Housing
CF64 3PR    ,VOG         ,Housing
CF64 2RY    ,VOG         ,Housing
CF64 2SA    ,VOG         ,Housing
CF64 2TN    ,VOG         ,Housing
CF64 2TS    ,VOG         ,Housing
CF36 3RT    ,Bridgend         ,Care - Picton Court
CF36 5DH    ,Bridgend         ,Support
CF15 8AP    ,Cardiff,Development
CF45 4FG    ,RCT,Housing
CF38 2PD    ,RCT,Housing
CF40 2AU    ,RCT,Housing
CF37 5LD    ,RCT,Housing
CF40 1EZ    ,RCT,Housing
CF39 8LW    ,RCT,Housing
CF72 8FH    ,RCT,Extra Care - Ty Heulog
CF72  8FH   ,RCT,Housing
CF37 1EQ    ,RCT,Development
CF37 1HP    ,RCT,Housing
CF37 2RF    ,RCT,Housing
CF44 0NW    ,RCT,Housing
CF37 4TG    ,RCT,Housing
CF37 5PS    ,RCT,Housing
CF44 7PS    ,RCT,Housing
CF40 2TE    ,RCT,Housing
CF37 2NW    ,RCT,Housing
CF40 2BD    ,RCT,Central
CF37 3DU    ,RCT,Housing
CF38 1RR    ,RCT,Housing
CF72 9PU    ,RCT,Housing
CF44 8LD    ,RCT,Housing
CF44 6HF    ,RCT,Housing
CF44 8LF    ,RCT,Housing
CF44 0YL    ,RCT,Housing
CF44 8LE    ,RCT,Housing
CF37 1HR    ,RCT,Housing
CF38 2BW    ,RCT,Housing
CF37 1RG    ,RCT,Housing
CF47 0PF    ,Merthyr,Central
CF47 8TP    ,Merthyr,Housing
CF14 5YN  ,Cardiff,Care - St Isan
CF37 5EQ    ,RCT,Housing
CF37 5DX    ,RCT,Housing
CF37 5DQ    ,RCT,Housing
CF62 3BU    ,VOG         ,Housing
CF62 3DL    ,VOG         ,Housing
CF62 3FA    ,VOG         ,Housing
CF37 5EN    ,RCT,Housing
CF3 3JF     ,Cardiff,Housing
CF3 3JB     ,Cardiff,Housing
CF3 3NZ     ,Cardiff,Housing
CF24 3RW    ,Cardiff,Housing
CF3 4AU     ,Cardiff,Housing
CF72 9WU    ,RCT,Housing
CF72 9FP    ,RCT,Housing
CF72 9FR    ,RCT,Housing
CF35 6RD    ,Bridgend         ,Development
CF14 9HR    ,Cardiff,Housing
CF5 2QX     ,Cardiff,Housing
CF3 0DU     ,Cardiff,Housing
CF14 9EW    ,Cardiff,Housing
CF61 1YJ    ,VOG         ,Housing
CF5 2SL     ,Cardiff,Housing
CF31 2BN    ,Bridgend         ,Housing
CF3 0PF     ,Cardiff,Housing
CF3 0PG     ,Cardiff,Development
CF62 4PD    ,VOG         ,Support
CF62 4LF    ,VOG         ,Housing
SA33 4AA    ,Carmarthen        ,Support
CF3 0LY     ,Cardiff,Housing
CF3 5RF     ,Cardiff,Housing
CF3 5RD     ,Cardiff,Housing
CF3  0HO    ,Cardiff,Central
CF15 7PE    ,RCT,Housing
CF15 7QS    ,RCT,Housing
CF38 1PX    ,RCT,Housing
CF15 9TP    ,Cardiff,Housing
CF39 8LT    ,RCT,Housing
CF39 8PX    ,RCT,Support
CF39 8PY    ,RCT,Housing
CF39 8PZ    ,RCT,Housing
CF39 8JS    ,RCT,Housing
CF39 8DU    ,RCT,Housing
CF39 8QB    ,RCT,Housing
CF39 8PN    ,RCT,Housing
NP4 9PP     ,Torfaen,Care - Arthur Jenkins
NP44 1AP    ,Torfaen,Care - Cwmbran House
NP44 4TX    ,Torfaen,Care - Ty Gwyn
NP4 8DB     ,Torfaen,Care - Plas Y Garn
CF46 5BW    ,Merthyr,Central
CF46 6EG    ,Merthyr,Housing
CF42 5LE    ,RCT,Support
CF62 4PY    ,VOG         ,Development
CF63 2JR    ,VOG         ,Housing
CF24 4LG    ,VOG         ,Housing
CF24 2LG    ,VOG         ,Housing
CF63 1JY    ,VOG         ,Housing
CF71 7RR    ,VOG         ,Housing
CF62 9DJ    ,VOG         ,Housing
CF63 4HS    ,VOG         ,Housing
CF63 4HA    ,VOG         ,Housing
CF62 9BX    ,VOG         ,Housing
CF63 3NT    ,VOG         ,Housing
CF62 8EX    ,VOG         ,Housing
CF64 5RY    ,VOG         ,Housing
CF62 8EB    ,VOG         ,Housing
CF14 7AT    ,Cardiff,Housing
CF14 7AW    ,Cardiff,Development
CF14 7AY    ,Cardiff,Development
CF14 7AX    ,Cardiff,Housing
CF14 7BA    ,Cardiff,Housing
CF14 7AU    ,Cardiff,Development
CF14 7AZ    ,Cardiff,Development
CF31 5BZ    ,Bridgend         ,Housing
CF32 9GD    ,Bridgend         ,Housing
CF63 2RB    ,VOG         ,Housing
CF3 4JG     ,Cardiff,Housing
CF3 4JF     ,Cardiff,Housing
CF3 4BD     ,Cardiff,Housing
CF5 3SN     ,Cardiff,Housing
CF3 5TS     ,Cardiff,Housing
CF31 5DL    ,Bridgend         ,Housing
CF23 7JN    ,Cardiff,Housing
CF3 0LN     ,Cardiff,Housing
CF3 0GB     ,Cardiff,Housing
CF23 7JF    ,Cardiff,Housing
CF24 3ED    ,Cardiff,Housing
CF31 2DR    ,Bridgend         ,Housing
CF3 3PW     ,Cardiff,Housing
CF31 4QT    ,Bridgend         ,Housing
CF3 1NR     ,Cardiff,Housing
CF31 2HX    ,Bridgend         ,Housing
CF34 9DQ    ,Bridgend         ,Housing
CF31 4PG    ,Bridgend         ,Housing
CF3 0PZ     ,Cardiff,Housing
CF63 1FQ    ,VOG         ,Housing
CF3 6YA     ,Cardiff,Housing
CF3 6YN     ,Cardiff,Housing
CF33 4PQ    ,Bridgend         ,Housing
CF31 5FS    ,Bridgend         ,Housing
CF48 4SG    ,Merthyr,Housing
CF31 5FW    ,Bridgend         ,Housing
CF5 5QR     ,Cardiff,Housing
CF24 2SF    ,Cardiff,Housing
CF45 4FH    ,RCT,Housing
CF32 9JJ    ,Bridgend         ,Housing
CF24 2TN    ,Cardiff,Housing
CF3 5DL     ,Cardiff,Housing
CF5 3JA     ,Cardiff,Housing
CF62 5DX    ,VOG         ,Housing
CF72 9FT    ,RCT,Housing
CF5 5AB     ,Cardiff,Housing
CF63 4PF    ,VOG         ,Housing
CF62 8JE    ,VOG         ,Housing
CF31 2DJ    ,Bridgend         ,Housing
CF5 4GA     ,Cardiff,Housing
CF3 0AA     ,Cardiff,Housing
CF32 9HG    ,Bridgend         ,Housing
CF62 9HH    ,VOG         ,Housing
CF3 0DE     ,Cardiff,Housing
CF38 1UQ    ,RCT,Housing
CF31 1LG    ,Bridgend         ,Housing
CF32 9DQ    ,Bridgend         ,Housing
CF5 4RE     ,Cardiff,Housing
CF63 2PL    ,VOG         ,Housing
CF63 2PN    ,VOG         ,Housing
CF3 3PP     ,Cardiff,Housing
CF38 1UN    ,RCT,Housing
CF5 6XL     ,Cardiff,Housing
CF5 6GD     ,Cardiff,Housing
CF32 9GL    ,Bridgend         ,Housing
CF32 9DT    ,Bridgend         ,Housing
CF32 9DU    ,Bridgend         ,Housing
CF3 0QA     ,Cardiff,Housing
CF62 7FL    ,VOG         ,Housing
CF3 1QU     ,Cardiff,Housing
CF32 9GG    ,Bridgend         ,Housing
CF3 0DP     ,Cardiff,Housing
CF3 0DQ     ,Cardiff,Housing
CF3 0DT     ,Cardiff,Housing
CF61 2ZA    ,VOG         ,Housing
CF32 9US    ,Bridgend         ,Housing
CF3 0RN     ,Cardiff,Housing
CF5 4UR     ,Cardiff,Housing
CF63 2FJ    ,VOG         ,Housing
CF63 2HB    ,VOG         ,Housing
CF35 6DE    ,Bridgend         ,Housing
CF31 3BH    ,Bridgend         ,Housing
CF5 5QF     ,Cardiff,Housing
CF62 9EA    ,VOG         ,Housing
CF62 3LS    ,VOG         ,Housing
CF32 9EZ    ,Bridgend         ,Housing
CF32 9GF    ,Bridgend         ,Housing
CF32 9NT    ,Bridgend         ,Housing
CF62 5AY    ,VOG         ,Housing
CF44 6SU    ,RCT,Housing
CF32 9PT    ,Bridgend         ,Housing
CF32 9NA    ,Bridgend         ,Housing
CF5 4LW     ,Cardiff,Housing
CF3 0RD     ,Cardiff,Housing
CF63 1ER    ,VOG         ,Housing
CF24 0HX    ,Cardiff,Housing
CF14 6BE    ,Cardiff,Housing
CF62 9HF    ,VOG         ,Housing
CF38 2JS    ,RCT,Housing
CF45 4AZ    ,RCT,Housing
CF31 5DX    ,Bridgend         ,Housing
CF39 8HZ    ,RCT,Housing
CF5 5NR     ,Cardiff,Housing
CF31 5AQ    ,Bridgend         ,Housing
CF3 0NB     ,Cardiff,Housing
CF31 5FJ    ,Bridgend         ,Housing
CF61 2YW    ,VOG         ,Housing
CF62 9FT    ,VOG         ,Housing
CF62 5AW    ,VOG         ,Housing
CF62 8NS    ,VOG         ,Housing
CF63 4PG    ,VOG         ,Housing
CF32 9LQ    ,Bridgend         ,Housing
CF31 1DF    ,Bridgend         ,Housing
CF33 4AD    ,Bridgend         ,Housing
CF3 3HN     ,Cardiff,Housing
CF5 4AF     ,Cardiff,Housing
CF31 2BX    ,Bridgend         ,Housing
CF62 3HS    ,VOG         ,Housing
CF63 1FJ    ,VOG         ,Housing
CF31 2BW    ,Bridgend         ,Housing
CF33 6GA    ,Bridgend         ,Housing
CF63 4JN    ,VOG         ,Housing
CF23 8PZ    ,Cardiff,Housing
CF63 1DX    ,VOG         ,Housing
CF3 1SR     ,Cardiff,Housing
CF33 6EZ    ,Bridgend         ,Housing
CF3 1SQ     ,Cardiff,Housing
CF31 2SS    ,Bridgend         ,Housing
CF31 5AP    ,Bridgend         ,Housing
CF32 9PQ    ,Bridgend         ,Housing
CF32 9NQ    ,Bridgend         ,Housing
CF5 4PL     ,Cardiff,Housing
CF31 2PN    ,Bridgend         ,Housing
CF48 1SX    ,Merthyr,Housing
CF23 8QA    ,Cardiff,Housing
CF3 6AQ     ,Cardiff,Housing
CF3 0BF     ,Cardiff,Housing
CF3 0BY     ,Cardiff,Housing
CF5 4QU     ,Cardiff,Housing
CF63 2AJ    ,VOG         ,Housing
CF48 1AQ    ,Merthyr,Housing
CF62 8JF    ,VOG         ,Housing
CF31 4AT    ,Bridgend         ,Housing
CF31 4DY    ,Bridgend         ,Housing
CF5 4QS     ,Cardiff,Housing
,,
,,
,,
,,
,,
,,
,,
,,
,,
,,
,,
,,
,,
,,
,,
,,
,,
,,
,,
,,
,,
,,
,,
,,
,,
,,
,,
,,
,,
,,
,,
,,
,,
,,
,,
,,
,,
,,
,,
,,
,,
,,
,,
,,
,,
,,
,,
,,
,,
,,
,,
,,
,,
,,
,,
,,
,,
,,
,,
,,
,,
,,
,,
,,
,,
,,
,,
,,
,,
,,
,,
,,
,,
,,
,,
,,
,,
,,
,,
,,
,,
,,
,,
,,
,,
,,
,,
,,
,,
,,
,,
,,
,,
,,
,,
,,
,,
,,
,,
,,
,,
,,
,,
,,
,,
,,
,,
,,
,,
,,
,,
,,
,,
,,
,,
,,
,,
,,
,,
,,
,,
,,
,,
,,
,,
,,
,,
,,
,,
,,
,,
,,
,,
,,
,,
,,
,,
,,
,,
,,
,,
,,
,,
,,
,,
,,
,,
,,
,,
,,
,,
,,
,,
,,
,,
,,
,,
,,
,,
,,
,,
,,
,,
,,
,,
,,
,,
,,
,,
,,
,,
,,
,,
,,
,,
,,
,,
,,
,,
,,
,,
,,
,,
,,
,,
,,
,,
,,
,,
,,
,,
,,
,,
,,
,,
,,
,,
,,
,,
,,
,,
,,
,,
,,
,,
,,
,,
,,
,,
,,
,,
,,
,,
,,
,,
,,
,,
,,
,,
,,
,,
,,
,,
,,
,,
,,
,,
,,
,,
,,
,,
,,
,,
,,
,,
,,
,,
,,
,,
,,
,,
,,
,,
,,
,,
,,
,,
,,
,,
,,
,,
,,
,,
,,
,,
,,
,,
,,
,,
,,
,,
,,
,,
,,
,,
,,
,,
,,
,,
,,
,,
,,
,,
,,
,,
,,
,,
,,
,,
,,
,,
,,
,,
,,
,,
,,
,,
,,
,,
,,
,,
,,
,,
,,
,,
,,
,,
,,
,,
,,
,,
,,
,,
,,
,,
,,
,,
,,
,,
,,
,,
,,
,,
,,
,,
,,
,,
,,
,,
,,
,,
,,
,,
,,
,,
,,
,,
,,
,,
,,
,,
,,
,,
,,
,,
,,
,,
,,
,,
,,
,,
,,
,,
,,
,,
,,
,,
,,
,,
,,
,,
,,
,,
,,
,,
,,
,,
,,
,,
,,
,,
,,
,,
,,
,,
,,
,,
,,
,,
,,
,,
,,
,,
,,
,,
,,
,,
,,
,,
,,
,,
,,
,,
,,
,,
,,
,,
,,
,,
,,
,,
,,
,,
,,
,,
,,
,,
,,
,,
,,
,,
,,
,,
,,
,,
,,
,,
,,
,,
,,
,,
,,
,,
,,
,,
,,
,,
,,
,,
,,
,,
,,
,,
,,
,,
,,
,,
,,
,,
,,
,,
,,
,,
,,
,,
,,
,,
,,
,,
,,
,,
,,
,,
,,
,,
,,
,,
,,
,,
,,
,,
,,
,,
,,
,,
,,
,,
,,
,,
,,
,,
,,
,,
,,
,,
,,
,,
,,
,,
,,
,,
,,
,,
,,
,,
,,
,,
,,
,,
,,
,,
,,
,,
,,
,,
,,
,,
,,
,,
,,
,,
,,
,,
,,
,,
,,
,,
,,
,,
,,
,,
,,
,,
,,
,,
,,
,,
,,
,,
,,
,,
,,
,,
,,
,,
,,
,,
,,
,,
,,
,,
,,
,,
,,
,,
,,
,,
,,
,,
,,
,,
,,
,,
,,
,,
,,
,,
,,
,,
,,
,,
,,
,,
,,
,,
,,
,,
,,
,,
,,
,,
,,
,,
,,
,,
,,
,,
,,
,,
,,
,,
,,
,,
,,
,,
,,
,,
,,
,,
,,
,,
,,
,,
,,
,,
,,
,,
,,
,,
,,
,,
,,
,,
,,
,,
,,
,,
,,
,,
,,
,,
,,
,,
,,
,,
,,
,,
,,
,,
,,
,,
,,
,,
,,
,,
,,
,,
,,
,,
,,
,,
,,
,,
,,
,,
,,
,,
,,
,,
,,
,,
,,
,,
,,
,,
,,
,,
,,
,,
,,
,,
,,
,,
,,
,,
,,
,,
,,
,,
,,
,,
,,
,,
,,
,,
,,
,,
,,
,,
,,
,,
,,
,,
,,
,,
,,
,,
,,
,,
,,
,,
,,
,,
,,
,,
,,
,,
,,
,,
,,
,,
,,
,,
,,
,,
,,
,,
,,
,,
,,
,,
,,
,,
,,
,,
,,
,,
,,
,,
,,
,,
,,
,,
,,
,,
,,
,,
,,
,,
,,
,,
,,
,,
,,
,,
,,
,,
,,
,,
,,
,,
,,
,,
,,
,,
,,
,,
,,
,,
,,
,,
,,
,,
,,
,,
,,
,,
,,
,,
,,
,,
,,
,,
,,
,,
,,
,,
,,
,,
,,
,,
,,
,,
,,
,,
,,
,,
,,
,,
,,
,,
,,
,,
,,
,,
,,
,,
,,
,,
,,
,,
,,
,,
,,
,,
,,
,,
,,
,,
,,
,,
,,
,,
,,
,,
,,
,,
,,
,,
,,
,,
,,
,,
,,
,,
,,
,,
,,
,,
,,
,,
,,
,,
,,
,,
,,
,,
,,
,,
,,
,,
,,
,,
,,
,,
,,
,,
,,
,,
,,
,,
,,
,,
,,
,,
,,
,,
,,
,,
,,
,,
,,
,,
,,
,,
,,
,,
,,
,,
,,
,,
,,
,,
,,
,,
,,
,,
,,
,,
,,
,,
,,
,,
,,
,,
,,
,,
,,
,,
,,
,,
,,
,,
,,
,,
,,
,,
,,
,,
,,
,,
,,
,,
,,
,,
,,
,,
,,
,,
,,
,,
,,
,,
,,
,,
,,
,,
,,
,,
,,
,,
,,
,,
,,
,,
,,
,,
,,
,,
,,
,,
,,
,,
,,
,,
,,
,,
,,
,,
,,
,,
,,
,,
,,
,,
,,
,,
,,
,,
,,
,,
,,
,,
,,
,,
,,
,,
,,
,,
,,
,,
,,
,,
,,
,,
,,
,,
,,
,,
,,
,,
,,
,,
,,
,,
,,
,,
,,
,,
,,
,,
,,
,,
,,
,,
,,
,,
,,
,,
,,
,,
,,
,,
,,
,,
,,
,,
,,
,,
,,
,,
,,
,,
,,
,,
,,
,,
,,
,,
,,
,,
,,
,,
,,
,,
,,
,,
,,
,,
,,
,,
,,
,,
,,
,,
,,
,,
,,
,,
,,
,,
,,
,,
,,
,,
,,
,,
,,
,,
,,
,,
,,
,,
,,
,,
,,
,,
,,
,,
,,
,,
,,
,,
,,
,,
,,
,,
,,
,,
,,
,,
,,
,,
,,
,,
,,
,,
,,
,,
,,
,,
,,
,,
,,
,,
,,
,,
,,
,,
,,
,,
,,
,,
,,
,,
,,
,,
,,
,,
,,
,,
,,
,,
,,
,,
,,
,,
,,
,,
,,
,,
,,
,,
,,
,,
,,
,,
,,
,,
,,
,,
,,
,,
,,
,,
,,
,,
,,
,,
,,
,,
,,
,,
,,
,,
,,
,,
,,
,,
,,
,,
,,
,,
,,
,,
,,
,,
,,
,,
,,
,,
,,
,,
,,
,,
,,
,,
,,
,,
,,
,,
,,
,,
,,
,,
,,
,,
,,
,,
,,
,,
,,
,,
,,
,,
,,
,,
,,
,,
,,
,,
,,
,,
,,
,,
,,
,,
,,
,,
,,
,,
,,
,,
,,
,,
,,
,,
,,
,,
,,
,,
,,
,,
,,
,,
,,
,,
,,
,,
,,
,,
,,
,,
,,
,,
,,
,,
,,
,,
,,
,,
,,
,,
,,
,,
,,
,,
,,
,,
,,
,,
,,
,,
,,
,,
,,
,,
,,
,,
,,
,,
,,
,,
,,
,,
,,
,,
,,
,,
,,
,,
,,
,,
,,
,,
,,
,,
,,
,,
,,
,,
,,
,,
,,
,,
,,
,,
,,
,,
,,
,,
,,
,,
,,
,,
,,
,,
,,
,,
,,
,,
,,
,,
,,
,,
,,
,,
,,
,,
,,
,,
,,
,,
,,
,,
,,
,,
,,
,,
,,
,,
,,
,,
,,
,,
,,
,,
,,
,,
,,
,,
,,
,,
,,
,,
,,
,,
,,
,,
,,
,,
,,
,,
,,
,,
,,
,,
,,
,,
,,
,,
,,
,,
,,
,,
,,
,,
,,
,,
,,
,,
,,
,,
,,
,,
,,
,,
,,
,,
,,
,,
,,
,,
,,
,,
,,
,,
,,
,,
,,
,,
,,
,,
,,
,,
,,
,,
,,
,,
,,
,,
,,
,,
,,
,,
,,
,,
,,
,,
,,
,,
,,
,,
,,
,,
,,
,,
,,
,,
,,
,,
,,
,,
,,
,,
,,
,,
,,
,,
,,
,,
,,
,,
,,
,,
,,
,,
,,
,,
,,
,,
,,
,,
,,
,,
,,
,,
,,
,,
,,
,,
,,
,,
,,
,,
,,
,,
,,
,,
,,
,,
,,
,,
,,
,,
,,
,,
,,
,,
,,
,,
,,
,,
,,
,,
,,
,,
,,
,,
,,
,,
,,
,,
,,
,,
,,
,,
,,
,,
,,
,,
,,
,,
,,
,,
,,
,,
,,
,,
,,
,,
,,
,,
,,
,,
,,
,,
,,
,,
,,
,,
,,
,,
,,
,,
,,
,,
,,
,,
,,
,,
,,
,,
,,
,,
,,
,,
,,
,,
,,
,,
,,
,,
,,
,,
,,
,,
,,
,,
,,
,,
,,
,,
,,
,,
,,
,,
,,
,,
,,
,,
,,
,,
,,
,,
,,
,,
,,
,,
,,
,,
,,
,,
,,
,,
,,
,,
,,
,,
,,
,,
,,
,,
,,
,,
,,
,,
,,
,,
,,
,,
,,
,,
,,
,,
,,
,,
,,
,,
,,
,,
,,
,,
,,
,,
,,
,,
,,
,,
,,
,,
,,
,,
,,
,,
,,
,,
,,
,,
,,
,,
,,
,,
,,
,,
,,
,,
,,
,,
,,
,,
,,
,,
,,
,,
,,
,,
,,
,,
,,
,,
,,
,,
,,
,,
,,
,,
,,
,,
,,
,,
,,
,,
,,
,,
,,
,,
,,
,,
,,
,,
,,
,,
,,
,,
,,
,,
,,
,,
,,
,,
,,
,,
,,
,,
,,
,,
,,
,,
,,
,,
,,
,,
,,
,,
,,
,,
,,
,,
,,
,,
,,
,,
,,
,,
,,
,,
,,
,,
,,
,,
,,
,,
,,
,,
,,
,,
,,
,,
,,
,,
,,
,,
,,
,,
,,
,,
,,
,,
,,
,,
,,
,,
,,
,,
,,
,,
,,
,,
,,
,,
,,
,,
,,
,,
,,
,,
,,
,,
,,
,,
,,
,,
,,
,,
,,
,,
,,
,,
,,
,,
,,
,,
,,
,,
,,
,,
,,
,,
,,
,,
,,
,,
,,
,,
,,
,,
,,
,,
,,
,,
,,
,,
,,
,,
,,
,,
,,
,,
,,
,,
,,
,,
,,
,,
,,
,,
,,
,,
,,
,,
,,
,,
,,
,,
,,
,,
,,
,,
,,
,,
,,
,,
,,
,,
,,
,,
,,
,,
,,
,,
,,
,,
,,
,,
,,
,,
,,
,,
,,
,,
,,
,,
,,
,,
,,
,,
,,
,,
,,
,,
,,
,,
,,
,,
,,
,,
,,
,,
,,
,,
,,
,,
,,
,,
,,
,,
,,
,,
,,
,,
,,
,,
,,
,,
,,
,,
,,
,,
,,
,,
,,
,,
,,
,,
,,
,,
,,
,,
,,
,,
,,
,,
,,
,,
,,
,,
,,
,,
,,
,,
,,
,,
,,
,,
,,
,,
,,
,,
,,
,,
,,
,,
,,
,,
,,
,,
,,
,,
,,
,,
,,
,,
,,
,,
,,
,,
,,
,,
,,
,,
,,
,,
,,
,,
,,
,,
,,
,,
,,
,,
,,
,,
,,
,,
,,
,,
,,
,,
,,
,,
,,
,,
,,
,,
,,
,,
,,
,,
,,
,,
,,
,,
,,
,,
,,
,,
,,
,,
,,
,,
,,
,,
,,
,,
,,
,,
,,
,,
,,
,,
,,
,,
,,
,,
,,
,,
,,
,,
,,
,,
,,
,,
,,
,,
,,
,,
,,
,,
,,
,,
,,
,,
,,
,,
,,
,,
,,
,,
,,
,,
,,
,,
,,
,,
,,
,,
,,
,,
,,
,,
,,
,,
,,
,,
,,
,,
,,
,,
,,
,,
,,
,,
,,
,,
,,
,,
,,
,,
,,
,,
,,
,,
,,
,,
,,
,,
,,
,,
,,
,,
,,
,,
,,
,,
,,
,,
,,
,,
,,
,,
,,
,,
,,
,,
,,
,,
,,
,,
,,
,,
,,
,,
,,
,,
,,
,,
,,
,,
,,
,,
,,
,,
,,
,,
,,
,,
,,
,,
,,
,,
,,
,,
,,
,,
,,
,,
,,
,,
,,
,,
,,
,,
,,
,,
,,
,,
,,
,,
,,
,,
,,
,,
,,
,,
,,
,,
,,
,,
,,
,,
,,
,,
,,
,,
,,
,,
,,
,,
,,
,,
,,
,,
,,
,,
,,
,,
,,
,,
,,
,,
,,
,,
,,
,,
,,
,,
,,
,,
,,
,,
,,
,,
,,
,,
,,
,,
,,
,,
,,
,,
,,
,,
,,
,,
,,
,,
,,
,,
,,
,,
,,
,,
,,
,,
,,
,,
,,
,,
,,
,,
,,
,,
,,
,,
,,
,,
,,
,,
,,
,,
,,
,,
,,
,,
,,
,,
,,
,,
,,
,,
,,
,,
,,
,,
,,
,,
,,
,,
,,
,,
,,
,,
,,
,,
,,
,,
,,
,,
,,
,,
,,
,,
,,
,,
,,
,,
,,
,,
,,
,,
,,
,,
,,
,,
,,
,,
,,
,,
,,
,,
,,
,,
,,
,,
,,
,,
,,
,,
,,
,,
,,
,,
,,
,,
,,
,,
,,
,,
,,
,,
,,
,,
,,
,,
,,
,,
,,
,,
,,
,,
,,
,,
,,
,,
,,
,,
,,
,,
,,
,,
,,
,,
,,
,,
,,
,,
,,
,,
,,
,,
,,
,,
,,
,,
,,
,,
,,
,,
,,
,,
,,
,,
,,
,,
,,
,,
,,
,,
,,
,,
,,
,,
,,
,,
,,
,,
,,
,,
,,
,,
,,
,,
,,
,,
,,
,,
,,
,,
,,
,,
,,
,,
,,
,,
,,
,,
,,
,,
,,
,,
,,
,,
,,
,,
,,
,,
,,
,,
,,
,,
,,
,,
,,
,,
,,
,,
,,
,,
,,
,,
,,
,,
,,
,,
,,
,,
,,
,,
,,
,,
,,
,,
,,
,,
,,
,,
,,
,,
,,
,,
,,
,,
,,
,,
,,
,,
,,
,,
,,
,,
,,
,,
,,
,,
,,
,,
,,
,,
,,
,,
,,
,,
,,
,,
,,
,,
,,
,,
,,
,,
,,
,,
,,
,,
,,
,,
,,
,,
,,
,,
,,
,,
,,
,,
,,
,,
,,
,,
,,
,,
,,
,,
,,
,,
,,
,,
,,
,,
,,
,,
,,
,,
,,
,,
,,
,,
,,
,,
,,
,,
,,
,,
,,
,,
,,
,,
,,
,,
,,
,,
,,
,,
,,
,,
,,
,,
,,
,,
,,
,,
,,
,,
,,
,,
,,
,,
,,
,,
,,
,,
,,
,,
,,
,,
,,
,,
,,
,,
,,
,,
,,
,,
,,
,,
,,
,,
,,
,,
,,
,,
,,
,,
,,
,,
,,
,,
,,
,,
,,
,,
,,
,,
,,
,,
,,
,,
,,
,,
,,
,,
,,
,,
,,
,,
,,
,,
,,
,,
,,
,,
,,
,,
,,
,,
,,
,,
,,
,,
,,
,,
,,
,,
,,
,,
,,
,,
,,
,,
,,
,,
,,
,,
,,
,,
,,
,,
,,
,,
,,
,,
,,
,,
,,
,,
,,
,,
,,
,,
,,
,,
,,
,,
,,
,,
,,
,,
,,
,,
,,
,,
,,
,,
,,
,,
,,
,,
,,
,,
,,
,,
,,
,,
,,
,,
,,
,,
,,
,,
,,
,,
,,
,,
,,
,,
,,
,,
,,
,,
,,
,,
,,
,,
,,
,,
,,
,,
,,
,,
,,
,,
,,
,,
,,
,,
,,
,,
,,
,,
,,
,,
,,
,,
,,
,,
,,
,,
,,
,,
,,
,,
,,
,,
,,
,,
,,
,,
,,
,,
,,
,,
,,
,,
,,
,,
,,
,,
,,
,,
,,
,,
,,
,,
,,
,,
,,
,,
,,
,,
,,
,,
,,
,,
,,
,,
,,
,,
,,
,,
,,
,,
,,
,,
,,
,,
,,
,,
,,
,,
,,
,,
,,
,,
,,
,,
,,
,,
,,
,,
,,
,,
,,
,,
,,
,,
,,
,,
,,
,,
,,
,,
,,
,,
,,
,,
,,
,,
,,
,,
,,
,,
,,
,,
,,
,,
,,
,,
,,
,,
,,
,,
,,
,,
,,
,,
,,
,,
,,
,,
,,
,,
,,
,,
,,
,,
,,
,,
,,
,,
,,
,,
,,
,,
,,
,,
,,
,,
,,
,,
,,
,,
,,
,,
,,
,,
,,
,,
,,
,,
,,
,,
,,
,,
,,
,,
,,
,,
,,
,,
,,
,,
,,
,,
,,
,,
,,
,,
,,
,,
,,
,,
,,
,,
,,
,,
,,
,,
,,
,,
,,
,,
,,
,,
,,
,,
,,
,,
,,
,,
,,
,,
,,
,,
,,
,,
,,
,,
,,
,,
,,
,,
,,
,,
,,
,,
,,
,,
,,
,,
,,
,,
,,
,,
,,
,,
,,
,,
,,
,,
,,
,,
,,
,,
,,
,,
,,
,,
,,
,,
,,
,,
,,
,,
,,
,,
,,
,,
,,
,,
,,
,,
,,
,,
,,
,,
,,
,,
,,
,,
,,
,,
,,
,,
,,
,,
,,
,,
,,
,,
,,
,,
,,
,,
,,
,,
,,
,,
,,
,,
,,
,,
,,
,,
,,
,,
,,
,,
,,
,,
,,
,,
,,
,,
,,
,,
,,
,,
,,
,,
,,
,,
,,
,,
,,
,,
,,
,,
,,
,,
,,
,,
,,
,,
,,
,,
,,
,,
,,
,,
,,
,,
,,
,,
,,
,,
,,
,,
,,
,,
,,
,,
,,
,,
,,
,,
,,
,,
,,
,,
,,
,,
,,
,,
,,
,,
,,
,,
,,
,,
,,
,,
,,
,,
,,
,,
,,
,,
,,
,,
,,
,,
,,
,,
,,
,,
,,
,,
,,
,,
,,
,,
,,
,,
,,
,,
,,
,,
,,
,,
,,
,,
,,
,,
,,
,,
,,
,,
,,
,,
,,
,,
,,
,,
,,
,,
,,
,,
,,
,,
,,
,,
,,
,,
,,
,,
,,
,,
,,
,,
,,
,,
,,
,,
,,
,,
,,
,,
,,
,,
,,
,,
,,
,,
,,
,,
,,
,,
,,
,,
,,
,,
,,
,,
,,
,,
,,
,,
,,
,,
,,
,,
,,
,,
,,
,,
,,
,,
,,
,,
,,
,,
,,
,,
,,
,,
,,
,,
,,
,,
,,
,,
,,
,,
,,
,,
,,
,,
,,
,,
,,
,,
,,
,,
,,
,,
,,
,,
,,
,,
,,
,,
,,
,,
,,
,,
,,
,,
,,
,,
,,
,,
,,
,,
,,
,,
,,
,,
,,
,,
,,
,,
,,
,,
,,
,,
,,
,,
,,
,,
,,
,,
,,
,,
,,
,,
,,
,,
,,
,,
,,
,,
,,
,,
,,
,,
,,
,,
,,
,,
,,
,,
,,
,,
,,
,,
,,
,,
,,
,,
,,
,,
,,
,,
,,
,,
,,
,,
,,
,,
,,
,,
,,
,,
,,
,,
,,
,,
,,
,,
,,
,,
,,
,,
,,
,,
,,
,,
,,
,,
,,
,,
,,
,,
,,
,,
,,
,,
,,
,,
,,
,,
,,
,,
,,
,,
,,
,,
,,
,,
,,
,,
,,
,,
,,
,,
,,
,,
,,
,,
,,
,,
,,
,,
,,
,,
,,
,,
,,
,,
,,
,,
,,
,,
,,
,,
,,
,,
,,
,,
,,
,,
,,
,,
,,
,,
,,
,,
,,
,,
,,
,,
,,
,,
,,
,,
,,
,,
,,
,,
,,
,,
,,
,,
,,
,,
,,
,,
,,
,,
,,
,,
,,
,,
,,
,,
,,
,,
,,
,,
,,
,,
,,
,,
,,
,,
,,
,,
,,
,,
,,
,,
,,
,,
,,
,,
,,
,,
,,
,,
,,
,,
,,
,,
,,
,,
,,
,,
,,
,,
,,
,,
,,
,,
,,
,,
,,
,,
,,
,,
,,
,,
,,
,,
,,
,,
,,
,,
,,
,,
,,
,,
,,
,,
,,
,,
,,
,,
,,
,,
,,
,,
,,
,,
,,
,,
,,
,,
,,
,,
,,
,,
,,
,,
,,
,,
,,
,,
,,
,,
,,
,,
,,
,,
,,
,,
,,
,,
,,
,,
,,
,,
,,
,,
,,
,,
,,
,,
,,
,,
,,
,,
,,
,,
,,
,,
,,
,,
,,
,,
,,
,,
,,
,,
,,
,,
,,
,,
,,
,,
,,
,,
,,
,,
,,
,,
,,
,,
,,
,,
,,
,,
,,
,,
,,
,,
,,
,,
,,
,,
,,
,,
,,
,,
,,
,,
,,
,,
,,
,,
,,
,,
,,
,,
,,
,,
,,
,,
,,
,,
,,
,,
,,
,,
,,
,,
,,
,,
,,
,,
,,
,,
,,
,,
,,
,,
,,
,,
,,
,,
,,
,,
,,
,,
,,
,,
,,
,,
,,
,,
,,
,,
,,
,,
,,
,,
,,
,,
,,
,,
,,
,,
,,
,,
,,
,,
,,
,,
,,
,,
,,
,,
,,
,,
,,
,,
,,
,,
,,
,,
,,
,,
,,
,,
,,
,,
,,
,,
,,
,,
,,
,,
,,
,,
,,
,,
,,
,,
,,
,,
,,
,,
,,
,,
,,
,,
,,
,,
,,
,,
,,
,,
,,
,,
,,
,,
,,
,,
,,
,,
,,
,,
,,
,,
,,
,,
,,
,,
,,
,,
,,
,,
,,
,,
,,
,,
,,
,,
,,
,,
,,
,,
,,
,,
,,
,,
,,
,,
,,
,,
,,
,,
,,
,,
,,
,,
,,
,,
,,
,,
,,
,,
,,
,,
,,
,,
,,
,,
,,
,,
,,
,,
,,
,,
,,
,,
,,
,,
,,
,,
,,
,,
,,
,,
,,
,,
,,
,,
,,
,,
,,
,,
,,
,,
,,
,,
,,
,,
,,
,,
,,
,,
,,
,,
,,
,,
,,
,,
,,
,,
,,
,,
,,
,,
,,
,,
,,
,,
,,
,,
,,
,,
,,
,,
,,
,,
,,
,,
,,
,,
,,
,,
,,
,,
,,
,,
,,
,,
,,
,,
,,
,,
,,
,,
,,
,,
,,
,,
,,
,,
,,
,,
,,
,,
,,
,,
,,
,,
,,
,,
,,
,,
,,
,,
,,
,,
,,
,,
,,
,,
,,
,,
,,
,,
,,
,,
,,
,,
,,
,,
,,
,,
,,
,,
,,
,,
,,
,,
,,
,,
,,
,,
,,
,,
,,
,,
,,
,,
,,
,,
,,
,,
,,
,,
,,
,,
,,
,,
,,
,,
,,
,,
,,
,,
,,
,,
,,
,,
,,
,,
,,
,,
,,
,,
,,
,,
,,
,,
,,
,,
,,
,,
,,
,,
,,
,,
,,
,,
,,
,,
,,
,,
,,
,,
,,
,,
,,
,,
,,
,,
,,
,,
,,
,,
,,
,,
,,
,,
,,
,,
,,
,,
,,
,,
,,
,,
,,
,,
,,
,,
,,
,,
,,
,,
,,
,,
,,
,,
,,
,,
,,
,,
,,
,,
,,
,,
,,
,,
,,
,,
,,
,,
,,
,,
,,
,,
,,
,,
,,
,,
,,
,,
,,
,,
,,
,,
,,
,,
,,
,,
,,
,,
,,
,,
,,
,,
,,
,,
,,
,,
,,
,,
,,
,,
,,
,,
,,
,,
,,
,,
,,
,,
,,
,,
,,
,,
,,
,,
,,
,,
,,
,,
,,
,,
,,
,,
,,
,,
,,
,,
,,
,,
,,
,,
,,
,,
,,
,,
,,
,,
,,
,,
,,
,,
,,
,,
,,
,,
,,
,,
,,
,,
,,
,,
,,
,,
,,
,,
,,
,,
,,
,,
,,
,,
,,
,,
,,
,,
,,
,,
,,
,,
,,
,,
,,
,,
,,
,,
,,
,,
,,
,,
,,
,,
,,
,,
,,
,,
,,
,,
,,
,,
,,
,,
,,
,,
,,
,,
,,
,,
,,
,,
,,
,,
,,
,,
,,
,,
,,
,,
,,
,,
,,
,,
,,
,,
,,
,,
,,
,,
,,
,,
,,
,,
,,
,,
,,
,,
,,
,,
,,
,,
,,
,,
,,
,,
,,
,,
,,
,,
,,
,,
,,
,,
,,
,,
,,
,,
,,
,,
,,
,,
,,
,,
,,
,,
,,
,,
,,
,,
,,
,,
,,
,,
,,
,,
,,
,,
,,
,,
,,
,,
,,
,,
,,
,,
,,
,,
,,
,,
,,
,,
,,
,,
,,
,,
,,
,,
,,
,,
,,
,,
,,
,,
,,
,,
,,
,,
,,
,,
,,
,,
,,
,,
,,
,,
,,
,,
,,
,,
,,
,,
,,
,,
,,
,,
,,
,,
,,
,,
,,
,,
,,
,,
,,
,,
,,
,,
,,
,,
,,
,,
,,
,,
,,
,,
,,
,,
,,
,,
,,
,,
,,
,,
,,
,,
,,
,,
,,
,,
,,
,,
,,
,,
,,
,,
,,
,,
,,
,,
,,
,,
,,
,,
,,
,,
,,
,,
,,
,,
,,
,,
,,
,,
,,
,,
,,
,,
,,
,,
,,
,,
,,
,,
,,
,,
,,
,,
,,
,,
,,
,,
,,
,,
,,
,,
,,
,,
,,
,,
,,
,,
,,
,,
,,
,,
,,
,,
,,
,,
,,
,,
,,
,,
,,
,,
,,
,,
,,
,,
,,
,,
,,
,,
,,
,,
,,
,,
,,
,,
,,
,,
,,
,,
,,
,,
,,
,,
,,
,,
,,
,,
,,
,,
,,
,,
,,
,,
,,
,,
,,
,,
,,
,,
,,
,,
,,
,,
,,
,,
,,
,,
,,
,,
,,
,,
,,
,,
,,
,,
,,
,,
,,
,,
,,
,,
,,
,,
,,
,,
,,
,,
,,
,,
,,
,,
,,
,,
,,
,,
,,
,,
,,
,,
,,
,,
,,
,,
,,
,,
,,
,,
,,
,,
,,
,,
,,
,,
,,
,,
,,
,,
,,
,,
,,
,,
,,
,,
,,
,,
,,
,,
,,
,,
,,
,,
,,
,,
,,
,,
,,
,,
,,
,,
,,
,,
,,
,,
,,
,,
,,
,,
,,
,,
,,
,,
,,
,,
,,
,,
,,
,,
,,
,,
,,
,,
,,
,,
,,
,,
,,
,,
,,
,,
,,
,,
,,
,,
,,
,,
,,
,,
,,
,,
,,
,,
,,
,,
,,
,,
,,
,,
,,
,,
,,
,,
,,
,,
,,
,,
,,
,,
,,
,,
,,
,,
,,
,,
,,
,,
,,
,,
,,
,,
,,
,,
,,
,,
,,
,,
,,
,,
,,
,,
,,
,,
,,
,,
,,
,,
,,
,,
,,
,,
,,
,,
,,
,,
,,
,,
,,
,,
,,
,,
,,
,,
,,
,,
,,
,,
,,
,,
,,
,,
,,
,,
,,
,,
,,
,,
,,
,,
,,
,,
,,
,,
,,
,,
,,
,,
,,
,,
,,
,,
,,
,,
,,
,,
,,
,,
,,
,,
,,
,,
,,
,,
,,
,,
,,
,,
,,
,,
,,
,,
,,
,,
,,
,,
,,
,,
,,
,,
,,
,,
,,
,,
,,
,,
,,
,,
,,
,,
,,
,,
,,
,,
,,
,,
,,
,,
,,
,,
,,
,,
,,
,,
,,
,,
,,
,,
,,
,,
,,
,,
,,
,,
,,
,,
,,
,,
,,
,,
,,
,,
,,
,,
,,
,,
,,
,,
,,
,,
,,
,,
,,
,,
,,
,,
,,
,,
,,
,,
,,
,,
,,
,,
,,
,,
,,
,,
,,
,,
,,
,,
,,
,,
,,
,,
,,
,,
,,
,,
,,
,,
,,
,,
,,
,,
,,
,,
,,
,,
,,
,,
,,
,,
,,
,,
,,
,,
,,
,,
,,
,,
,,
,,
,,
,,
,,
,,
,,
,,
,,
,,
